,Column_name,Branches,Child_Columns,Depth,Target,Parent_Col,Parent_Branch
0,addr1,"['100.0' '106.0' '110.0' '122.0' '123.0' '126.0' '130.0' '143.0' '148.0'
 '157.0' '158.0' '161.0' '167.0' '168.0' '170.0' '177.0' '181.0' '184.0'
 '191.0' '194.0' '203.0' '204.0' '205.0' '216.0' '220.0' '225.0' '226.0'
 '231.0' '234.0' '237.0' '242.0' '251.0' '253.0' '258.0' '260.0' '262.0'
 '264.0' '269.0' '272.0' '277.0' '284.0' '296.0' '299.0' '308.0' '310.0'
 '315.0' '324.0' '325.0' '327.0' '330.0' '332.0' '337.0' '339.0' '343.0'
 '356.0' '375.0' '384.0' '387.0' '391.0' '404.0' '410.0' '418.0' '420.0'
 '428.0' '431.0' '432.0' '433.0' '436.0' '441.0' '444.0' '448.0' '452.0'
 '465.0' '469.0' '472.0' '476.0' '483.0' '485.0' '486.0' '492.0' '494.0'
 '498.0' '502.0' '508.0' '511.0' '512.0' '536.0']","['ProductCD', 'ProductCD', 'ProductCD', 'C9', 'card1', 'card1', 'card1', 'card1', 'ProductCD', 'ProductCD', 'ProductCD', 'ProductCD', 'ProductCD', 'ProductCD', 'card1', 'card1', 'card1', 'card1', 'card1', 'card1', 'card1', 'card5', 'ProductCD', 'ProductCD', 'card1', 'card1', 'card1', 'ProductCD', 'ProductCD', 'ProductCD', 'ProductCD', 'card1', 'ProductCD', 'ProductCD', 'ProductCD', 'ProductCD', 'C10', 'card1', 'card1', 'ProductCD', 'ProductCD', 'card1', 'C4', 'ProductCD', 'card1', 'card1', 'card1', 'card1', 'card1', 'card1', 'ProductCD', 'card1', 'ProductCD', 'ProductCD', 'ProductCD', 'ProductCD', 'card1', 'ProductCD', 'card1', 'ProductCD', 'ProductCD', 'ProductCD', 'ProductCD', 'ProductCD', 'ProductCD', 'ProductCD', 'card1', 'card1', 'card1', 'ProductCD', 'ProductCD', 'ProductCD', 'ProductCD', 'card1', 'card1', 'TransactionAmt', 'ProductCD', 'C13', 'ProductCD', 'ProductCD', 'ProductCD', 'card1', 'ProductCD', 'ProductCD', 'ProductCD', 'card1', 'ProductCD']",0,,,0
1,ProductCD,['C'],[],1,0.0,addr1,100.0
2,ProductCD,['W'],[],1,0.0,addr1,106.0
3,ProductCD,['R' 'W'],[],1,0.0,addr1,110.0
4,C9,3.0,"['ProductCD', 'card1']",1,,addr1,122.0
5,card1,"[ 1016  1078  1214  1675  1804  1939  2408  2616  2646  2744  2755  2772
  2803  2835  3178  3365  3682  3742  3918  4067  4141  4436  4663  4694
  4975  5033  5089  5275  5293  5938  6019  6344  6488  6530  6936  7815
  7861  7919  8406  8618  8695  8727  9364  9480  9752 10057 10486 10752
 10989 11465 11839 11865 12065 12190 12501 12544 12758 12844 12866 13143
 13149 13169 13307 13481 13484 13810 14080 14182 14766 14881 14906 15066
 15093 15359 15773 15986 16075 16085 16203 16297 16314 16325 16560 17400
 17480 17523 17566 17910 18375]",[],1,0.0,addr1,123.0
6,card1,"[ 1333  1342  1682  1724  1760  1857  2127  2232  2234  2392  2445  2455
  2560  2616  2755  2803  2884  2939  3032  3605  3681  3682  3821  4030
  4146  4490  5561  5938  6019  6530  6816  7031  7063  7127  7207  7219
  7225  7442  7585  7826  7919  8135  8394  8468  8691  8695  8908  9002
  9033  9175  9500  9561  9803 10112 10127 10393 10616 10672 11167 11207
 11233 11319 11651 12116 12253 12418 12583 12598 12695 12707 12883 12932
 13307 13398 13481 13749 14858 14998 15063 15066 15205 15494 15497 16051
 16075 16188 16255 17043 17055 17400 17598 18092]",[],1,0.0,addr1,126.0
7,card1,[ 1976  9026 11201 14276 14576],"['ProductCD', 'ProductCD', 'ProductCD', 'ProductCD', 'ProductCD']",1,,addr1,130.0
8,card1,"[ 1310  1595  1807  2261  2336  2616  2646  2772  2839  2922  3056  3278
  3492  3613  3640  3682  4577  4663  5606  5901  5938  6019  6081  6170
  6207  6530  6753  7033  7034  7427  7585  7676  7900  7919  8032  8358
  9126  9202  9448  9992 10616 11220 12397 12449 12469 12577 12686 12741
 12783 12794 13511 13528 13623 14290 14320 14502 15066 15276 15399 15678
 15971 16070 16255 16338 16560 16630 16632 16982 17188 17410 17480 17598
 18054 18350]",[],1,0.0,addr1,143.0
9,ProductCD,['C'],[],1,0.0,addr1,148.0
10,ProductCD,['W'],[],1,0.0,addr1,157.0
11,ProductCD,['H' 'W'],[],1,0.0,addr1,158.0
12,ProductCD,['C'],[],1,1.0,addr1,161.0
13,ProductCD,['C'],[],1,0.0,addr1,167.0
14,ProductCD,['W'],[],1,0.0,addr1,168.0
15,card1,"[ 1678  1684  1893  2455  2616  3772  4141  4661  4675  7307  7585  9803
 10535 13600 14229 14296 14886 15142 16659 16826 18215]",[],1,0.0,addr1,170.0
16,card1,"[ 1042  1066  2333  2392  2455  2581  5272  5951  6019  7508  8037  8124
  8494  9440  9803 11546 12538 12549 12883 13526 14290 15066 15427 15575
 15863 15986 16115 16326 16735 17781]",[],1,0.0,addr1,177.0
17,card1,"[ 1214  1279  1310  1314  1333  1444  1730  1804  1893  1939  2237  2261
  2377  2463  2581  2616  2884  2893  3291  3681  3898  3920  4067  4141
  4515  4526  4663  5147  5190  5631  5663  5726  5938  6019  6127  6236
  6516  6663  6741  6749  6832  7069  7246  7508  7511  7585  7638  7815
  7919  8117  8226  8320  8380  8499  8642  8695  8886  9365  9479  9480
  9500  9692  9992 10057 10113 10349 10486 10493 10616 10776 10878 11087
 11395 11451 11527 11556 12469 12501 12577 12581 12592 12758 13307 13437
 13522 13656 14079 14152 14165 14479 14482 14839 14958 14977 15063 15066
 15093 15205 15416 15773 15851 15868 15889 16070 16075 16164 16553 16657
 16659 16666 16873 16916 17118 17399 17400 17405 17570 17896 18249 18268
 18343]","['ProductCD', 'ProductCD', 'ProductCD', 'ProductCD', 'ProductCD', 'ProductCD', 'ProductCD', 'ProductCD', 'ProductCD', 'ProductCD', 'ProductCD', 'ProductCD', 'ProductCD', 'ProductCD', 'ProductCD', 'ProductCD', 'ProductCD', 'ProductCD', 'ProductCD', 'ProductCD', 'ProductCD', 'ProductCD', 'ProductCD', 'ProductCD', 'ProductCD', 'ProductCD', 'ProductCD', 'ProductCD', 'ProductCD', 'ProductCD', 'ProductCD', 'ProductCD', 'ProductCD', 'ProductCD', 'ProductCD', 'ProductCD', 'ProductCD', 'ProductCD', 'ProductCD', 'ProductCD', 'ProductCD', 'ProductCD', 'ProductCD', 'ProductCD', 'ProductCD', 'ProductCD', 'ProductCD', 'C1', 'ProductCD', 'ProductCD', 'ProductCD', 'ProductCD', 'ProductCD', 'ProductCD', 'ProductCD', 'ProductCD', 'ProductCD', 'ProductCD', 'ProductCD', 'ProductCD', 'ProductCD', 'ProductCD', 'ProductCD', 'ProductCD', 'ProductCD', 'ProductCD', 'ProductCD', 'ProductCD', 'ProductCD', 'ProductCD', 'ProductCD', 'ProductCD', 'ProductCD', 'ProductCD', 'ProductCD', 'ProductCD', 'ProductCD', 'ProductCD', 'ProductCD', 'ProductCD', 'ProductCD', 'ProductCD', 'ProductCD', 'ProductCD', 'ProductCD', 'ProductCD', 'ProductCD', 'ProductCD', 'ProductCD', 'ProductCD', 'ProductCD', 'ProductCD', 'ProductCD', 'ProductCD', 'ProductCD', 'ProductCD', 'ProductCD', 'ProductCD', 'ProductCD', 'ProductCD', 'ProductCD', 'ProductCD', 'ProductCD', 'ProductCD', 'ProductCD', 'ProductCD', 'ProductCD', 'ProductCD', 'ProductCD', 'ProductCD', 'ProductCD', 'ProductCD', 'ProductCD', 'ProductCD', 'ProductCD', 'ProductCD', 'ProductCD', 'ProductCD', 'ProductCD', 'ProductCD', 'ProductCD']",1,,addr1,181.0
18,card1,"[ 1214  1684  1724  1738  1814  1893  1974  2103  2300  2383  2455  2538
  2616  2803  2995  3121  3166  3277  3278  3374  3508  3682  4167  4425
  4436  4613  4622  4780  4908  4921  5033  5772  5938  6019  6053  6156
  6457  6489  6530  6816  7012  7585  7826  7834  7919  8135  8406  8695
  8727  8766  8868  9175 10112 10476 10486 10493 10616 10960 10989 11106
 11207 11218 11454 11465 11511 11735 12116 12321 12469 12544 12581 12598
 12883 13511 13753 13815 14080 14128 14479 14748 14858 15066 15316 15650
 15708 15823 16231 16274 16341 16538 16560 16659 17217 17872 18081 18132
 18193 18246 18268 18350 18375]",[],1,0.0,addr1,184.0
19,card1,"[ 1039  1765  1893  2018  2392  2445  2616  2648  2695  2755  2772  2803
  3056  3094  3278  3295  3651  3681  3821  3985  4147  4369  4387  4531
  4591  4908  4932  5492  6019  6293  6530  6721  6741  6835  6931  7246
  7503  7585  7653  7800  7861  7919  8320  8335  8406  8436  8528  8664
  8765  9002  9043  9310  9323  9485  9500  9509 10049 10057 10112 10152
 10162 10537 10616 10676 10960 10967 10989 11157 11233 11870 11900 12002
 12403 12481 12501 12577 12641 12686 12689 12705 12727 12807 12839 13108
 13120 13207 13488 13597 14208 14410 14540 14631 15007 15063 15066 15280
 15356 15406 15512 15840 16070 16075 16255 16560 16632 16923 17131 17321
 17729 18117 18132 18272 18370]",[],1,0.0,addr1,191.0
20,card1,"[ 1036  1809  2920  5300  6019  7676  9350  9891 10047 10112 10616 12801
 12895 13526 15066 16326 17188]","['ProductCD', 'ProductCD', 'ProductCD', 'ProductCD', 'ProductCD', 'ProductCD', 'ProductCD', 'ProductCD', 'ProductCD', 'ProductCD', 'ProductCD', 'ProductCD', 'ProductCD', 'ProductCD', 'ProductCD', 'ProductCD', 'ProductCD']",1,,addr1,194.0
21,card1,"[ 1238  1444  1804  2392  2581  2616  3681  3786  4630  4967  4975  5033
  6292  6394  6816  7815  7919  8287  8965  9480  9803 10057 10267 11066
 11796 11839 14170 15063 15111 16255 16659 16708 16927 17262]",[],1,0.0,addr1,203.0
22,card5,"['100.0' '102.0' '117.0' '118.0' '126.0' '135.0' '137.0' '150.0' '162.0'
 '166.0' '190.0' '194.0' '195.0' '197.0' '202.0' '203.0' '215.0' '219.0'
 '224.0' '226.0' '229.0' '236.0']","['ProductCD', 'card1', 'ProductCD', 'ProductCD', 'ProductCD', 'ProductCD', 'ProductCD', 'ProductCD', 'ProductCD', 'ProductCD', 'ProductCD', 'ProductCD', 'ProductCD', 'ProductCD', 'ProductCD', 'ProductCD', 'ProductCD', 'ProductCD', 'ProductCD', 'card1', 'TransactionAmt', 'ProductCD']",1,,addr1,204.0
23,ProductCD,['H' 'R' 'W'],[],1,0.0,addr1,205.0
24,ProductCD,['C'],[],1,0.0,addr1,216.0
25,card1,"[ 1444  2308  2377  2884  3594  4272  5167  5938  6019  6530  6590  6816
  6892  7508  7585  7676  7919  8320 10313 10486 10616 10652 11465 12598
 15066 15497 17729 18159 18366]",[],1,0.0,addr1,220.0
26,card1,"[ 1444  1724  2103  2361  2572  2744  3681  3682  3790  4067  4478  5633
  5951  6019  6203  6741  7153  7207  7664  7676  7861  7938  8113  9306
  9350  9500  9837 10112 10157 10311 10486 10616 11149 11160 12602 12687
 13209 13307 14290 14479 14502 15066 15291 15484 15493 16632 17188 17480
 17933]",[],1,0.0,addr1,225.0
27,card1,"[ 1444  1770  2114  2377  2772  4141  4436  4822  6019  6104  6156  6170
  6197  6344  6442  6530  7861  7919  8320  8547  8978  9304  9480  9739
  9749  9992 10112 10480 10486 10616 10856 11319 11815 11839 11919 12577
 12691 12839 13120 13526 14079 14128 14554 15446 15513 16075 16375 16601
 18334]",[],1,0.0,addr1,226.0
28,ProductCD,['H' 'R' 'S' 'W'],[],1,0.0,addr1,231.0
29,ProductCD,['C'],[],1,0.0,addr1,234.0
30,ProductCD,['W'],[],1,0.0,addr1,237.0
31,ProductCD,['C'],[],1,0.0,addr1,242.0
32,card1,"[ 2538  2616  2622  2755  3189  3281  3368  3821  4112  4591  4663  4739
  4806  5492  5567  5571  5628  6727  6816  7212  7252  7301  7919  8431
  8528  8613  8868  9500 10104 10859 11453 11815 12725 13809 14876 15066
 15947 15986 16132 16852 17057 17361 18249]","['ProductCD', 'ProductCD', 'ProductCD', 'ProductCD', 'ProductCD', 'ProductCD', 'ProductCD', 'ProductCD', 'ProductCD', 'ProductCD', 'ProductCD', 'ProductCD', 'ProductCD', 'ProductCD', 'ProductCD', 'ProductCD', 'ProductCD', 'ProductCD', 'ProductCD', 'ProductCD', 'ProductCD', 'ProductCD', 'ProductCD', 'ProductCD', 'ProductCD', 'ProductCD', 'ProductCD', 'ProductCD', 'ProductCD', 'ProductCD', 'ProductCD', 'ProductCD', 'ProductCD', 'ProductCD', 'ProductCD', 'ProductCD', 'ProductCD', 'ProductCD', 'ProductCD', 'ProductCD', 'ProductCD', 'ProductCD', 'ProductCD']",1,,addr1,251.0
33,ProductCD,['W'],[],1,0.0,addr1,253.0
34,ProductCD,['C'],[],1,0.0,addr1,258.0
35,ProductCD,['H'],[],1,1.0,addr1,260.0
36,ProductCD,['C'],[],1,0.0,addr1,262.0
37,C10,2.0,"['card1', 'ProductCD']",1,,addr1,264.0
38,card1,"[ 1028  1214  1269  1275  1904  2320  2392  2581  2745  2755  2772  2884
  3515  3725  4406  4791  4806  5122  5700  5938  6156  6292  6313  6530
  6741  7636  7669  7797  7815  7919  9002  9561 10057 10476 10989 11342
 11359 11516 11839 11919 12065 12449 12963 13143 13960 13994 15066 15954
 16075 16442 16486 16560 16972 17794 17926 17933 18268]","['ProductCD', 'ProductCD', 'ProductCD', 'ProductCD', 'ProductCD', 'ProductCD', 'ProductCD', 'ProductCD', 'ProductCD', 'ProductCD', 'ProductCD', 'ProductCD', 'ProductCD', 'ProductCD', 'ProductCD', 'ProductCD', 'ProductCD', 'ProductCD', 'ProductCD', 'ProductCD', 'ProductCD', 'ProductCD', 'ProductCD', 'ProductCD', 'ProductCD', 'ProductCD', 'ProductCD', 'ProductCD', 'ProductCD', 'ProductCD', 'ProductCD', 'ProductCD', 'ProductCD', 'ProductCD', 'ProductCD', 'ProductCD', 'ProductCD', 'ProductCD', 'ProductCD', 'ProductCD', 'ProductCD', 'ProductCD', 'ProductCD', 'ProductCD', 'ProductCD', 'ProductCD', 'ProductCD', 'ProductCD', 'ProductCD', 'ProductCD', 'ProductCD', 'ProductCD', 'ProductCD', 'ProductCD', 'ProductCD', 'ProductCD', 'ProductCD']",1,,addr1,269.0
39,card1,"[ 1039  1668  1893  1939  2157  2255  2377  2392  2538  2803  2884  3056
  3058  3148  3278  3651  3754  3821  4029  4151  4181  4436  4663  4900
  5079  5700  6019  6053  6156  6241  6319  6328  6554  6584  6816  6832
  6868  6877  6951  7197  7207  7228  7357  7377  7585  7638  7669  7844
  7861  7919  7971  8117  8135  8140  8222  8320  8406  8505  8528  8646
  9002  9479  9480  9500  9992 10023 10057 10112 10349 10462 10476 10616
 10859 10960 10989 11157 11204 11233 11447 11648 11919 12163 12287 12501
 12544 12570 12577 12686 12725 12766 12883 12951 13089 13249 13307 13530
 13929 13940 13960 14077 14079 14287 14291 14407 14426 14431 14631 14649
 14651 15066 15651 15845 16075 16326 16632 17249 17727 17817 18037 18132
 18376]",[],1,0.0,addr1,272.0
40,ProductCD,['W'],[],1,0.0,addr1,277.0
41,ProductCD,['C'],[],1,0.0,addr1,284.0
42,card1,[ 4202  9888 11854 15198 17366 18228],[],1,0.0,addr1,296.0
43,C4,12.0,"['C12', 'card1']",1,,addr1,299.0
44,ProductCD,['H' 'R' 'W'],[],1,0.0,addr1,308.0
45,card1,"[ 1444  1603  2114  2419  2472  2689  2772  2803  3178  3655  4090  4663
  4806  5044  5131  5698  5938  6957  7005  7322  7676  7800  7919  8117
  8320  8378  8380  8691  8880  8925  9390 10023 10476 10486 10616 11106
 11942 12005 12118 12598 12647 13534 15063 15066 15757 15884 16075 16326
 16860 17188 17933 17947 18018]","['ProductCD', 'ProductCD', 'ProductCD', 'ProductCD', 'ProductCD', 'ProductCD', 'ProductCD', 'ProductCD', 'ProductCD', 'ProductCD', 'ProductCD', 'ProductCD', 'ProductCD', 'ProductCD', 'ProductCD', 'ProductCD', 'ProductCD', 'ProductCD', 'ProductCD', 'ProductCD', 'ProductCD', 'ProductCD', 'ProductCD', 'ProductCD', 'ProductCD', 'ProductCD', 'ProductCD', 'ProductCD', 'ProductCD', 'ProductCD', 'ProductCD', 'ProductCD', 'ProductCD', 'ProductCD', 'ProductCD', 'ProductCD', 'ProductCD', 'ProductCD', 'ProductCD', 'ProductCD', 'ProductCD', 'ProductCD', 'ProductCD', 'ProductCD', 'ProductCD', 'ProductCD', 'ProductCD', 'ProductCD', 'ProductCD', 'ProductCD', 'ProductCD', 'ProductCD', 'ProductCD']",1,,addr1,310.0
46,card1,"[ 1039  1155  1214  1308  1342  1411  1642  1724  1731  1764  1893  1939
  1974  2101  2107  2114  2146  2289  2392  2516  2525  2581  2616  2772
  2773  2785  2803  2828  2884  2947  2965  3040  3070  3191  3343  3570
  3682  3799  3864  4096  4106  4224  4472  4663  4679  4806  4988  5033
  5071  5097  5273  5295  5409  5554  5700  5701  5724  6019  6122  6170
  6232  6344  6530  6590  6722  6843  6921  7034  7508  7585  7638  7815
  7861  7919  7951  8117  8135  8226  8320  8414  8575  8662  8684  9166
  9400  9485  9500  9565  9816  9992 10004 10057 10075 10112 10117 10177
 10447 10486 10579 10616 10856 11145 11151 11159 11665 11814 11815 11893
 12033 12042 12133 12469 12577 12686 12891 12928 13152 13809 13844 14025
 14160 14182 14290 14415 14695 15063 15066 15108 15160 15205 15381 15497
 15828 15875 16229 16232 16255 16498 16533 16560 16659 16876 17020 17025
 17185 17253 17480 17729 18249]",[],1,0.0,addr1,315.0
47,card1,"[ 2377  2455  3474  4383  6542  6564  6586  6615  7919  9447  9450  9500
 10734 11106 11207 11218 11319 12395 13085 14259 15066 15436 15815 16070
 16255 17756]","['ProductCD', 'ProductCD', 'ProductCD', 'ProductCD', 'ProductCD', 'ProductCD', 'ProductCD', 'ProductCD', 'ProductCD', 'ProductCD', 'ProductCD', 'ProductCD', 'ProductCD', 'ProductCD', 'ProductCD', 'ProductCD', 'ProductCD', 'ProductCD', 'ProductCD', 'ProductCD', 'ProductCD', 'ProductCD', 'ProductCD', 'ProductCD', 'ProductCD', 'ProductCD']",1,,addr1,324.0
48,card1,"[ 1310  1329  1332  1342  1444  1508  1675  1775  1859  1893  1906  2020
  2232  2261  2263  2383  2392  2455  2581  2597  2616  2803  2834  2939
  3056  3166  3175  3260  3278  3446  3508  3605  3681  3682  3821  3972
  4067  4079  4121  4148  4186  4208  4310  4383  4571  4663  4685  4847
  5167  5170  5524  5613  5629  5646  5700  5734  5938  5981  6019  6105
  6204  6530  6580  6592  6741  6755  6896  7069  7121  7155  7170  7207
  7262  7390  7482  7585  7664  7676  7800  7826  7861  7919  7996  8104
  8135  8315  8394  8406  8431  8695  8992  9043  9112  9166  9178  9354
  9456  9499  9500  9537  9803  9820  9992 10023 10045 10112 10186 10245
 10446 10486 10594 10616 10856 10925 10989 11027 11106 11107 11207 11211
 11233 11280 11465 11815 11862 11920 11972 12295 12345 12364 12544 12567
 12577 12590 12615 12668 12695 12747 12932 13006 13052 13178 13307 13461
 13481 13809 13833 13906 14037 14079 14415 14574 14685 14814 14858 15066
 15205 15265 15359 15511 15563 15773 15775 15986 16066 16070 16075 16131
 16163 16188 16189 16255 16437 16560 16659 16959 17055 17216 17598 17635
 17729 17785 18072 18103 18202 18211 18227 18292 18298 18306]","['ProductCD', 'ProductCD', 'ProductCD', 'ProductCD', 'ProductCD', 'ProductCD', 'ProductCD', 'ProductCD', 'ProductCD', 'ProductCD', 'TransactionDT', 'ProductCD', 'ProductCD', 'ProductCD', 'ProductCD', 'ProductCD', 'ProductCD', 'ProductCD', 'ProductCD', 'ProductCD', 'ProductCD', 'ProductCD', 'ProductCD', 'ProductCD', 'ProductCD', 'ProductCD', 'ProductCD', 'ProductCD', 'ProductCD', 'ProductCD', 'ProductCD', 'ProductCD', 'ProductCD', 'ProductCD', 'ProductCD', 'ProductCD', 'ProductCD', 'ProductCD', 'ProductCD', 'ProductCD', 'ProductCD', 'ProductCD', 'ProductCD', 'ProductCD', 'ProductCD', 'ProductCD', 'ProductCD', 'ProductCD', 'ProductCD', 'ProductCD', 'ProductCD', 'ProductCD', 'ProductCD', 'ProductCD', 'ProductCD', 'ProductCD', 'ProductCD', 'ProductCD', 'TransactionAmt', 'ProductCD', 'ProductCD', 'ProductCD', 'ProductCD', 'ProductCD', 'ProductCD', 'ProductCD', 'ProductCD', 'ProductCD', 'ProductCD', 'ProductCD', 'ProductCD', 'ProductCD', 'ProductCD', 'ProductCD', 'ProductCD', 'TransactionDT', 'ProductCD', 'ProductCD', 'ProductCD', 'TransactionAmt', 'ProductCD', 'ProductCD', 'ProductCD', 'ProductCD', 'ProductCD', 'ProductCD', 'ProductCD', 'ProductCD', 'ProductCD', 'ProductCD', 'ProductCD', 'ProductCD', 'ProductCD', 'ProductCD', 'ProductCD', 'ProductCD', 'ProductCD', 'ProductCD', 'ProductCD', 'ProductCD', 'ProductCD', 'ProductCD', 'ProductCD', 'ProductCD', 'ProductCD', 'ProductCD', 'ProductCD', 'ProductCD', 'ProductCD', 'ProductCD', 'ProductCD', 'ProductCD', 'ProductCD', 'ProductCD', 'ProductCD', 'ProductCD', 'ProductCD', 'ProductCD', 'ProductCD', 'ProductCD', 'ProductCD', 'ProductCD', 'ProductCD', 'ProductCD', 'ProductCD', 'ProductCD', 'ProductCD', 'ProductCD', 'ProductCD', 'ProductCD', 'ProductCD', 'ProductCD', 'TransactionDT', 'ProductCD', 'ProductCD', 'ProductCD', 'TransactionAmt', 'ProductCD', 'ProductCD', 'ProductCD', 'ProductCD', 'ProductCD', 'ProductCD', 'ProductCD', 'ProductCD', 'ProductCD', 'ProductCD', 'ProductCD', 'ProductCD', 'ProductCD', 'ProductCD', 'ProductCD', 'ProductCD', 'ProductCD', 'ProductCD', 'ProductCD', 'ProductCD', 'ProductCD', 'ProductCD', 'ProductCD', 'ProductCD', 'ProductCD', 'ProductCD', 'ProductCD', 'ProductCD', 'ProductCD', 'ProductCD', 'ProductCD', 'ProductCD', 'ProductCD', 'ProductCD', 'ProductCD', 'ProductCD', 'ProductCD', 'ProductCD', 'ProductCD', 'ProductCD', 'ProductCD', 'ProductCD', 'ProductCD', 'ProductCD', 'ProductCD', 'ProductCD', 'ProductCD', 'ProductCD', 'ProductCD', 'ProductCD', 'ProductCD', 'ProductCD', 'ProductCD']",1,,addr1,325.0
49,card1,"[ 1637  1804  1807  1906  2114  2162  2392  2559  2569  2616  2755  2884
  3278  3593  3682  4806  5072  5613  5700  5903  6170  6174  6530  6741
  7438  7573  7636  7653  7815  7851  7919  7984  8501  9002  9400  9433
  9500  9785  9808  9992 10057 10447 10616 10882 11151 11291 11516 11546
 11999 12253 12293 13143 13815 13836 14042 14080 14289 14397 14479 15066
 15137 15396 16255 16452 16533 16560 16659 16661 16972 17186 17188 17534
 17910 17947 18089 18227 18268 18335 18343 18375 18395]","['ProductCD', 'ProductCD', 'ProductCD', 'ProductCD', 'ProductCD', 'ProductCD', 'ProductCD', 'ProductCD', 'ProductCD', 'ProductCD', 'ProductCD', 'ProductCD', 'ProductCD', 'ProductCD', 'ProductCD', 'ProductCD', 'ProductCD', 'ProductCD', 'ProductCD', 'ProductCD', 'ProductCD', 'ProductCD', 'ProductCD', 'ProductCD', 'ProductCD', 'ProductCD', 'ProductCD', 'ProductCD', 'ProductCD', 'ProductCD', 'ProductCD', 'ProductCD', 'ProductCD', 'ProductCD', 'ProductCD', 'ProductCD', 'ProductCD', 'ProductCD', 'ProductCD', 'ProductCD', 'ProductCD', 'ProductCD', 'ProductCD', 'ProductCD', 'ProductCD', 'ProductCD', 'ProductCD', 'ProductCD', 'ProductCD', 'ProductCD', 'ProductCD', 'ProductCD', 'ProductCD', 'ProductCD', 'ProductCD', 'ProductCD', 'ProductCD', 'ProductCD', 'ProductCD', 'ProductCD', 'ProductCD', 'ProductCD', 'ProductCD', 'ProductCD', 'ProductCD', 'ProductCD', 'ProductCD', 'ProductCD', 'ProductCD', 'ProductCD', 'ProductCD', 'ProductCD', 'ProductCD', 'ProductCD', 'ProductCD', 'ProductCD', 'ProductCD', 'ProductCD', 'ProductCD', 'ProductCD', 'ProductCD']",1,,addr1,327.0
50,card1,"[ 1342  1365  1675  1724  1874  1893  2151  2254  2263  2286  2392  2616
  2627  2898  2972  3602  3984  4030  4063  4089  4121  4141  4425  4436
  4485  4663  4911  4966  5017  5031  5033  5079  5355  5409  5437  5606
  5938  6016  6019  6344  6530  6741  6963  7225  7482  7585  7638  7648
  7653  7861  7919  8058  8135  8233  8589  8695  9166  9175  9500  9573
  9803  9822  9999 10019 10023 10047 10112 10370 10447 10486 10616 10662
 10989 11207 11511 11604 11849 11920 12110 12116 12396 12577 12582 12805
 12843 12866 12928 12932 13085 13324 13481 13511 13670 14037 14079 14080
 14259 14415 14479 14605 15066 15627 15651 15775 16075 16116 16234 16255
 16314 16380 16485 16560 16632 16873 16979 17055 17347 17409 17458 17557
 17635 17649 17729 17872 17899 18027 18030 18036 18249 18268 18300 18343]",[],1,0.0,addr1,330.0
51,ProductCD,['C'],[],1,0.0,addr1,332.0
52,card1,"[ 1124  1501  1556  1684  1724  1870  2392  2416  2499  2616  2755  2803
  3278  3355  3593  3682  3821  3891  3985  4030  4227  4425  5033  5787
  6019  6094  6194  6392  6428  6481  6486  6525  6721  6741  7039  7585
  7680  7826  7861  7919  8333  8406  8409  8468  8954  9002  9248  9303
  9500  9605  9803  9891 10112 10252 10370 10471 10509 10889 10960 10985
 10989 11106 11218 11319 11814 11815 12133 12203 12361 12469 12544 12577
 12598 12807 13053 13220 13366 13734 13749 14037 14079 14215 14271 14410
 14657 14667 15063 15066 15205 15397 15420 15521 15742 15790 16075 16085
 16224 16255 16435 16560 17295 17370 17396 17571 18132 18246 18249]",[],1,0.0,addr1,337.0
53,ProductCD,['C'],[],1,0.0,addr1,339.0
54,ProductCD,['H' 'R' 'W'],[],1,0.0,addr1,343.0
55,ProductCD,['R'],[],1,0.0,addr1,356.0
56,ProductCD,['C'],[],1,0.0,addr1,375.0
57,card1,"[ 1884  3551  4151  6156  6369  6530  7861  8109  9479 11919 12037 12977
 13155 13160 15528 15773 16659 18238]",[],1,0.0,addr1,384.0
58,ProductCD,['H' 'R' 'W'],"['card1', 'ProductCD', 'ProductCD']",1,,addr1,387.0
59,card1,[5812 9300],"['ProductCD', 'ProductCD']",1,,addr1,391.0
60,ProductCD,['C'],[],1,0.0,addr1,404.0
61,ProductCD,['W'],[],1,0.0,addr1,410.0
62,ProductCD,['H' 'R'],[],1,0.0,addr1,418.0
63,ProductCD,['H' 'R' 'S' 'W'],[],1,0.0,addr1,420.0
64,ProductCD,['H' 'R' 'W'],"['ProductCD', 'ProductCD', 'ProductCD']",1,,addr1,428.0
65,ProductCD,['C'],[],1,0.0,addr1,431.0
66,ProductCD,['R'],[],1,1.0,addr1,432.0
67,card1,"[ 1389  1532  1933  1968  2646  2695  3681  4729  5155  5511  5527  5605
  5606  5628  5818  6832  7174  7585  7919  8190  8431  8528  9480  9500
 10112 10989 11157 11333 11685 12173 12211 12382 12577 13228 14193 14586
 15066 15265 15301 15484 16085 16522 16630 16659 16865 16972 17020 17057
 17707 17746 18227 18375]",[],1,0.0,addr1,433.0
68,card1,"[ 1092  1939  2197  2336  2581  2773  2803  2893  3275  3724  4663  5032
  7072  7585  7919  8695  8785  9680 10112 11162 12469 12921 14025 14230
 14415 14464 15066 15111 16573 16717 17760 17933 18249]",[],1,0.0,addr1,436.0
69,card1,"[ 1333  1675  1839  1939  2274  2392  2455  2616  2620  2803  2876  2965
  2979  3278  3334  3682  3786  3801  3821  4053  4074  4194  4436  4490
  4527  4966  4967  4975  5033  5211  5312  5409  5492  5700  6019  6207
  6335  6457  6489  6573  6609  6816  6872  6951  7155  7497  7578  7585
  7680  7710  7815  7861  7911  7919  8504  8598  8606  8695  8830  8868
  8953  9112  9480  9500  9559 10023 10024 10057 10112 10188 10486 10748
 10836 10889 10960 10989 11207 11290 11725 12133 12235 12469 12501 12544
 12557 12577 12668 12805 13307 13503 13780 13844 14065 14431 14649 14848
 14849 14909 14960 15016 15021 15063 15066 15385 15813 15986 15998 16070
 16326 16659 16706 16883 16923 17009 17238 17487 17523 17832 18013 18132
 18249 18268]","['ProductCD', 'ProductCD', 'ProductCD', 'ProductCD', 'ProductCD', 'ProductCD', 'ProductCD', 'ProductCD', 'ProductCD', 'ProductCD', 'ProductCD', 'ProductCD', 'ProductCD', 'ProductCD', 'ProductCD', 'ProductCD', 'ProductCD', 'ProductCD', 'ProductCD', 'ProductCD', 'ProductCD', 'ProductCD', 'ProductCD', 'ProductCD', 'ProductCD', 'ProductCD', 'ProductCD', 'ProductCD', 'ProductCD', 'ProductCD', 'ProductCD', 'ProductCD', 'ProductCD', 'ProductCD', 'ProductCD', 'ProductCD', 'ProductCD', 'ProductCD', 'ProductCD', 'ProductCD', 'ProductCD', 'ProductCD', 'ProductCD', 'ProductCD', 'ProductCD', 'ProductCD', 'ProductCD', 'ProductCD', 'ProductCD', 'ProductCD', 'ProductCD', 'ProductCD', 'ProductCD', 'ProductCD', 'ProductCD', 'ProductCD', 'ProductCD', 'ProductCD', 'ProductCD', 'ProductCD', 'ProductCD', 'ProductCD', 'ProductCD', 'ProductCD', 'ProductCD', 'ProductCD', 'ProductCD', 'ProductCD', 'ProductCD', 'ProductCD', 'ProductCD', 'ProductCD', 'ProductCD', 'ProductCD', 'ProductCD', 'ProductCD', 'ProductCD', 'ProductCD', 'ProductCD', 'ProductCD', 'ProductCD', 'ProductCD', 'ProductCD', 'TransactionAmt', 'ProductCD', 'ProductCD', 'ProductCD', 'ProductCD', 'ProductCD', 'ProductCD', 'ProductCD', 'ProductCD', 'ProductCD', 'ProductCD', 'TransactionDT', 'ProductCD', 'ProductCD', 'ProductCD', 'ProductCD', 'ProductCD', 'ProductCD', 'ProductCD', 'ProductCD', 'ProductCD', 'ProductCD', 'ProductCD', 'ProductCD', 'ProductCD', 'ProductCD', 'ProductCD', 'ProductCD', 'ProductCD', 'ProductCD', 'ProductCD', 'ProductCD', 'ProductCD', 'ProductCD', 'ProductCD', 'ProductCD', 'ProductCD', 'ProductCD', 'ProductCD']",1,,addr1,441.0
70,ProductCD,['H' 'R' 'W'],[],1,0.0,addr1,444.0
71,ProductCD,['S' 'W'],[],1,0.0,addr1,448.0
72,ProductCD,['C'],[],1,0.0,addr1,452.0
73,ProductCD,['C'],[],1,0.0,addr1,465.0
74,card1,"[ 4090  4198  5964  6021  6335  6530  7919  8803 10313 12577 12839 13360
 13749 14209 15063 15066 15135 16255 16568 17175 17540]","['ProductCD', 'ProductCD', 'ProductCD', 'ProductCD', 'ProductCD', 'ProductCD', 'ProductCD', 'ProductCD', 'ProductCD', 'ProductCD', 'ProductCD', 'ProductCD', 'ProductCD', 'ProductCD', 'ProductCD', 'ProductCD', 'ProductCD', 'ProductCD', 'ProductCD', 'ProductCD', 'ProductCD']",1,,addr1,469.0
75,card1,"[ 1592  1662  2150  2383  3277  3819  4121  4303  4852  5233  5358  5436
  5901  5954  6019  6530  6741  7069  7155  7585  7835  7919  8135  8701
  8900  9079  9125  9749  9803 10155 10486 11298 11406 11477 12037 12398
 12469 12812 13155 13669 13871 14128 14486 14540 15066 15079 15333 15406
 15422 15452 16070 16075 16261 16473 16922 17055 17223 17321 17557 17868
 17966 18227]",[],1,0.0,addr1,472.0
76,TransactionAmt,774.0,"['card1', 'ProductCD']",1,,addr1,476.0
77,ProductCD,['C'],[],1,1.0,addr1,483.0
78,C13,0.0,"['ProductCD', 'ProductCD']",1,,addr1,485.0
79,ProductCD,['C'],[],1,0.0,addr1,486.0
80,ProductCD,['R' 'W'],[],1,0.0,addr1,492.0
81,ProductCD,['H' 'R' 'W'],[],1,0.0,addr1,494.0
82,card1,"[ 1450  1639  1701  1955  2213  2392  2560  2695  2772  3756  4097  4591
  4724  4937  4945  5606  6019  6530  6933  7919  8073  8320  8528  8556
  8613  9992 10112 10123 10848 12686 12839 13006 13249 13321 13623 14631
 15066 15111 16046 16770 17207]",[],1,0.0,addr1,498.0
83,ProductCD,['H' 'W'],[],1,0.0,addr1,502.0
84,ProductCD,['C'],[],1,0.0,addr1,508.0
85,ProductCD,['C'],[],1,0.0,addr1,511.0
86,card1,"[ 1039  1359  1444  1577  1893  2057  2157  2753  2803  2805  2884  3055
  3583  3639  3717  4067  4211  4346  4781  4949  5222  5287  5822  5970
  5978  6019  6571  6906  7585  7676  7919  7970  8762  9324  9350  9500
 10112 10210 10616 10640 10740 11096 11106 11116 11690 11839 11925 12538
 12577 12839 13534 13809 13979 13982 14384 15066 15343 15686 16560 16659
 16706 16858 17304 17480 17583]",[],1,0.0,addr1,512.0
87,ProductCD,['H' 'R'],[],1,0.0,addr1,536.0
88,ProductCD,['H' 'R' 'W'],[],2,0.0,C9,3.0
89,card1,[ 7322 17188],"['ProductCD', 'ProductCD']",2,,C9,4.0
90,ProductCD,['C'],[],2,0.0,card1,1976
91,ProductCD,['C'],[],2,0.0,card1,9026
92,ProductCD,['C'],[],2,1.0,card1,11201
93,ProductCD,['C'],[],2,0.0,card1,14276
94,ProductCD,['C'],[],2,0.0,card1,14576
95,ProductCD,['W'],[],2,0.0,card1,1214
96,ProductCD,['W'],[],2,0.0,card1,1279
97,ProductCD,['W'],[],2,0.0,card1,1310
98,ProductCD,['W'],[],2,0.0,card1,1314
99,ProductCD,['W'],[],2,0.0,card1,1333
100,ProductCD,['W'],[],2,0.0,card1,1444
101,ProductCD,['W'],[],2,0.0,card1,1730
102,ProductCD,['W'],[],2,0.0,card1,1804
103,ProductCD,['W'],[],2,0.0,card1,1893
104,ProductCD,['W'],[],2,0.0,card1,1939
105,ProductCD,['W'],[],2,0.0,card1,2237
106,ProductCD,['H'],[],2,0.0,card1,2261
107,ProductCD,['W'],[],2,0.0,card1,2377
108,ProductCD,['W'],[],2,0.0,card1,2463
109,ProductCD,['W'],[],2,0.0,card1,2581
110,ProductCD,['H' 'W'],[],2,0.0,card1,2616
111,ProductCD,['W'],[],2,0.0,card1,2884
112,ProductCD,['W'],[],2,1.0,card1,2893
113,ProductCD,['R'],[],2,0.0,card1,3291
114,ProductCD,['W'],[],2,0.0,card1,3681
115,ProductCD,['W'],[],2,0.0,card1,3898
116,ProductCD,['W'],[],2,0.0,card1,3920
117,ProductCD,['W'],[],2,0.0,card1,4067
118,ProductCD,['R'],[],2,0.0,card1,4141
119,ProductCD,['W'],[],2,0.0,card1,4515
120,ProductCD,['W'],[],2,0.0,card1,4526
121,ProductCD,['W'],[],2,0.0,card1,4663
122,ProductCD,['R'],[],2,0.0,card1,5147
123,ProductCD,['W'],[],2,0.0,card1,5190
124,ProductCD,['W'],[],2,0.0,card1,5631
125,ProductCD,['W'],[],2,0.0,card1,5663
126,ProductCD,['H'],[],2,0.0,card1,5726
127,ProductCD,['W'],[],2,0.0,card1,5938
128,ProductCD,['H' 'R'],[],2,0.0,card1,6019
129,ProductCD,['W'],[],2,0.0,card1,6127
130,ProductCD,['R' 'W'],[],2,0.0,card1,6236
131,ProductCD,['W'],[],2,0.0,card1,6516
132,ProductCD,['R'],[],2,0.0,card1,6663
133,ProductCD,['W'],[],2,0.0,card1,6741
134,ProductCD,['W'],[],2,0.0,card1,6749
135,ProductCD,['W'],[],2,0.0,card1,6832
136,ProductCD,['W'],[],2,0.0,card1,7069
137,ProductCD,['W'],[],2,0.0,card1,7246
138,ProductCD,['W'],[],2,0.0,card1,7508
139,ProductCD,['W'],[],2,0.0,card1,7511
140,ProductCD,['H' 'R' 'W'],[],2,0.0,card1,7585
141,ProductCD,['W'],[],2,0.0,card1,7638
142,C1,7.0,"['ProductCD', 'ProductCD']",2,,card1,7815
143,ProductCD,['W'],[],2,0.0,card1,7919
144,ProductCD,['W'],[],2,0.0,card1,8117
145,ProductCD,['W'],[],2,1.0,card1,8226
146,ProductCD,['W'],[],2,0.0,card1,8320
147,ProductCD,['W'],[],2,0.0,card1,8380
148,ProductCD,['W'],[],2,0.0,card1,8499
149,ProductCD,['W'],[],2,0.0,card1,8642
150,ProductCD,['R'],[],2,0.0,card1,8695
151,ProductCD,['W'],[],2,0.0,card1,8886
152,ProductCD,['W'],[],2,0.0,card1,9365
153,ProductCD,['W'],[],2,0.0,card1,9479
154,ProductCD,['W'],[],2,0.0,card1,9480
155,ProductCD,['W'],[],2,0.0,card1,9500
156,ProductCD,['W'],[],2,0.0,card1,9692
157,ProductCD,['W'],[],2,0.0,card1,9992
158,ProductCD,['W'],[],2,0.0,card1,10057
159,ProductCD,['W'],[],2,0.0,card1,10113
160,ProductCD,['W'],[],2,0.0,card1,10349
161,ProductCD,['H'],[],2,0.0,card1,10486
162,ProductCD,['W'],[],2,0.0,card1,10493
163,ProductCD,['R' 'W'],[],2,0.0,card1,10616
164,ProductCD,['W'],[],2,0.0,card1,10776
165,ProductCD,['R'],[],2,0.0,card1,10878
166,ProductCD,['W'],[],2,0.0,card1,11087
167,ProductCD,['W'],[],2,0.0,card1,11395
168,ProductCD,['W'],[],2,0.0,card1,11451
169,ProductCD,['W'],[],2,0.0,card1,11527
170,ProductCD,['W'],[],2,0.0,card1,11556
171,ProductCD,['W'],[],2,0.0,card1,12469
172,ProductCD,['W'],[],2,0.0,card1,12501
173,ProductCD,['W'],[],2,0.0,card1,12577
174,ProductCD,['W'],[],2,0.0,card1,12581
175,ProductCD,['W'],[],2,0.0,card1,12592
176,ProductCD,['R'],[],2,0.0,card1,12758
177,ProductCD,['W'],[],2,0.0,card1,13307
178,ProductCD,['W'],[],2,0.0,card1,13437
179,ProductCD,['W'],[],2,0.0,card1,13522
180,ProductCD,['W'],[],2,0.0,card1,13656
181,ProductCD,['W'],[],2,0.0,card1,14079
182,ProductCD,['W'],[],2,0.0,card1,14152
183,ProductCD,['W'],[],2,0.0,card1,14165
184,ProductCD,['W'],[],2,0.0,card1,14479
185,ProductCD,['W'],[],2,0.0,card1,14482
186,ProductCD,['W'],[],2,0.0,card1,14839
187,ProductCD,['W'],[],2,0.0,card1,14958
188,ProductCD,['W'],[],2,0.0,card1,14977
189,ProductCD,['R' 'W'],[],2,0.0,card1,15063
190,ProductCD,['W'],[],2,0.0,card1,15066
191,ProductCD,['W'],[],2,0.0,card1,15093
192,ProductCD,['W'],[],2,0.0,card1,15205
193,ProductCD,['W'],[],2,0.0,card1,15416
194,ProductCD,['W'],[],2,0.0,card1,15773
195,ProductCD,['R' 'W'],[],2,0.0,card1,15851
196,ProductCD,['R'],[],2,0.0,card1,15868
197,ProductCD,['W'],[],2,0.0,card1,15889
198,ProductCD,['W'],[],2,0.0,card1,16070
199,ProductCD,['H'],[],2,0.0,card1,16075
200,ProductCD,['W'],[],2,0.0,card1,16164
201,ProductCD,['W'],[],2,0.0,card1,16553
202,ProductCD,['R' 'W'],[],2,0.0,card1,16657
203,ProductCD,['W'],[],2,0.0,card1,16659
204,ProductCD,['W'],[],2,0.0,card1,16666
205,ProductCD,['W'],[],2,0.0,card1,16873
206,ProductCD,['W'],[],2,0.0,card1,16916
207,ProductCD,['W'],[],2,0.0,card1,17118
208,ProductCD,['W'],[],2,0.0,card1,17399
209,ProductCD,['W'],[],2,0.0,card1,17400
210,ProductCD,['W'],[],2,0.0,card1,17405
211,ProductCD,['W'],[],2,0.0,card1,17570
212,ProductCD,['H'],[],2,0.0,card1,17896
213,ProductCD,['W'],[],2,0.0,card1,18249
214,ProductCD,['R'],[],2,0.0,card1,18268
215,ProductCD,['W'],[],2,0.0,card1,18343
216,ProductCD,['W'],[],2,0.0,card1,1036
217,ProductCD,['W'],[],2,0.0,card1,1809
218,ProductCD,['W'],[],2,0.0,card1,2920
219,ProductCD,['W'],[],2,0.0,card1,5300
220,ProductCD,['W'],[],2,0.0,card1,6019
221,ProductCD,['W'],[],2,0.0,card1,7676
222,ProductCD,['R'],[],2,0.0,card1,9350
223,ProductCD,['H'],[],2,0.0,card1,9891
224,ProductCD,['W'],[],2,0.0,card1,10047
225,ProductCD,['W'],[],2,0.0,card1,10112
226,ProductCD,['W'],[],2,0.0,card1,10616
227,ProductCD,['W'],[],2,0.0,card1,12801
228,ProductCD,['W'],[],2,0.0,card1,12895
229,ProductCD,['W'],[],2,1.0,card1,13526
230,ProductCD,['W'],[],2,0.0,card1,15066
231,ProductCD,['W'],[],2,0.0,card1,16326
232,ProductCD,['W'],[],2,0.0,card1,17188
233,ProductCD,['W'],[],2,0.0,card5,100.0
234,card1,[ 2616  2939  4039  4141  9552 15066 16075 16334 16691],"['TransactionAmt', 'ProductCD', 'ProductCD', 'ProductCD', 'ProductCD', 'ProductCD', 'ProductCD', 'ProductCD', 'ProductCD']",2,,card5,102.0
235,ProductCD,['W'],[],2,0.0,card5,117.0
236,ProductCD,['R'],[],2,0.0,card5,118.0
237,ProductCD,['W'],[],2,0.0,card5,126.0
238,ProductCD,['H'],[],2,0.0,card5,135.0
239,ProductCD,['W'],[],2,0.0,card5,137.0
240,ProductCD,['R'],[],2,0.0,card5,150.0
241,ProductCD,['H' 'R' 'W'],"['ProductCD', 'ProductCD', 'ProductCD']",2,,card5,162.0
242,ProductCD,['R' 'W'],[],2,0.0,card5,166.0
243,ProductCD,['R'],[],2,0.0,card5,190.0
244,ProductCD,['W'],[],2,0.0,card5,194.0
245,ProductCD,['R' 'W'],[],2,0.0,card5,195.0
246,ProductCD,['W'],[],2,0.0,card5,197.0
247,ProductCD,['W'],[],2,0.0,card5,202.0
248,ProductCD,['W'],[],2,0.0,card5,203.0
249,ProductCD,['H'],[],2,0.0,card5,215.0
250,ProductCD,['H' 'R' 'W'],[],2,0.0,card5,219.0
251,ProductCD,['W'],[],2,0.0,card5,224.0
252,card1,"[ 1128  1286  1546  1675  2242  2455  2553  2803  2884  3278  3334  3682
  3747  4030  4045  4759  4834  5291  5629  5653  5711  5901  6019  6021
  6292  6322  6520  6727  6940  7207  7585  7632  7664  7861  7999  8117
  8135  8380  8406  8512  8528  8556  8695  8886  8908  9002  9370  9455
  9480  9500  9803  9891 10009 10023 10103 10179 10370 10379 10616 10948
 11106 11157 11207 11690 11839 11899 12063 12163 12235 12260 12358 12501
 12640 12695 12725 12932 13234 13260 13543 13749 13780 14037 14135 14318
 14479 14511 14741 14817 14839 14908 15063 15484 16236 16326 16435 16659
 16672 16972 17007 17150 17188 17286 17336 17442 17476 18226 18227]",[],2,0.0,card5,226.0
253,TransactionAmt,37.0,"['ProductCD', 'ProductCD']",2,,card5,229.0
254,ProductCD,['R'],[],2,0.0,card5,236.0
255,ProductCD,['W'],[],2,0.0,card1,2538
256,ProductCD,['R'],[],2,0.0,card1,2616
257,ProductCD,['W'],[],2,0.0,card1,2622
258,ProductCD,['W'],[],2,0.0,card1,2755
259,ProductCD,['W'],[],2,0.0,card1,3189
260,ProductCD,['W'],[],2,0.0,card1,3281
261,ProductCD,['H' 'W'],[],2,0.0,card1,3368
262,ProductCD,['W'],[],2,0.0,card1,3821
263,ProductCD,['W'],[],2,0.0,card1,4112
264,ProductCD,['W'],[],2,0.0,card1,4591
265,ProductCD,['W'],[],2,0.0,card1,4663
266,ProductCD,['R'],[],2,0.0,card1,4739
267,ProductCD,['H'],[],2,0.0,card1,4806
268,ProductCD,['W'],[],2,0.0,card1,5492
269,ProductCD,['W'],[],2,0.0,card1,5567
270,ProductCD,['W'],[],2,0.0,card1,5571
271,ProductCD,['W'],[],2,0.0,card1,5628
272,ProductCD,['W'],[],2,0.0,card1,6727
273,ProductCD,['W'],[],2,0.0,card1,6816
274,ProductCD,['W'],[],2,0.0,card1,7212
275,ProductCD,['W'],[],2,0.0,card1,7252
276,ProductCD,['W'],[],2,0.0,card1,7301
277,ProductCD,['W'],[],2,0.0,card1,7919
278,ProductCD,['W'],[],2,0.0,card1,8431
279,ProductCD,['W'],[],2,0.0,card1,8528
280,ProductCD,['W'],[],2,0.0,card1,8613
281,ProductCD,['W'],[],2,0.0,card1,8868
282,ProductCD,['W'],[],2,0.0,card1,9500
283,ProductCD,['W'],[],2,0.0,card1,10104
284,ProductCD,['W'],[],2,0.0,card1,10859
285,ProductCD,['W'],[],2,0.0,card1,11453
286,ProductCD,['W'],[],2,0.0,card1,11815
287,ProductCD,['W'],[],2,0.0,card1,12725
288,ProductCD,['W'],[],2,0.0,card1,13809
289,ProductCD,['W'],[],2,0.0,card1,14876
290,ProductCD,['W'],[],2,1.0,card1,15066
291,ProductCD,['W'],[],2,0.0,card1,15947
292,ProductCD,['W'],[],2,0.0,card1,15986
293,ProductCD,['W'],[],2,0.0,card1,16132
294,ProductCD,['W'],[],2,0.0,card1,16852
295,ProductCD,['W'],[],2,0.0,card1,17057
296,ProductCD,['W'],[],2,0.0,card1,17361
297,ProductCD,['W'],[],2,0.0,card1,18249
298,card1,"[ 1107  1284  1367  1407  1444  1465  1595  1724  1741  1767  1804  1939
  1974  2052  2111  2202  2254  2295  2354  2365  2377  2455  2538  2616
  2646  2689  2695  2752  2803  2884  3178  3181  3366  3413  3476  3484
  3682  3821  3890  4141  4227  4252  4445  4451  4577  4591  4592  5033
  5047  5182  5192  5333  5374  5606  5700  5751  5765  5879  5997  6019
  6053  6123  6236  6344  6432  6445  6507  6530  6580  6598  6635  6773
  6816  6951  6965  7037  7149  7239  7337  7504  7505  7539  7585  7629
  7653  7664  7800  7826  7861  7870  7919  7931  7963  8009  8024  8140
  8225  8320  8340  8613  8632  8691  8868  8937  9002  9237  9449  9480
  9500  9513  9677  9705  9803  9885  9942 10112 10148 10332 10454 10486
 10605 10616 10708 10741 10846 10856 10893 10944 10989 11085 11207 11233
 11319 11330 11396 11511 11533 11653 11701 11731 11839 11919 11920 12023
 12133 12208 12253 12308 12358 12469 12577 12648 12666 12686 12839 12975
 13120 13203 13249 13626 13691 13749 13809 13821 14012 14014 14065 14080
 14089 14182 14198 14290 14292 14392 14443 14451 14634 14712 14730 14776
 14842 15066 15068 15175 15185 15241 15265 15377 15484 15497 15592 15986
 16048 16075 16115 16132 16281 16326 16340 16560 16566 16568 16632 16659
 16661 16709 16727 17069 17131 17188 17303 17396 17466 17523 17598 17729
 17940 18018 18095 18111 18227 18280 18340]",[],2,0.0,C10,2.0
299,ProductCD,['H' 'R'],[],2,1.0,C10,3.0
300,ProductCD,['W'],[],2,0.0,card1,1028
301,ProductCD,['W'],[],2,0.0,card1,1214
302,ProductCD,['W'],[],2,0.0,card1,1269
303,ProductCD,['W'],[],2,0.0,card1,1275
304,ProductCD,['W'],[],2,0.0,card1,1904
305,ProductCD,['W'],[],2,0.0,card1,2320
306,ProductCD,['W'],[],2,0.0,card1,2392
307,ProductCD,['W'],[],2,0.0,card1,2581
308,ProductCD,['W'],[],2,0.0,card1,2745
309,ProductCD,['W'],[],2,0.0,card1,2755
310,ProductCD,['W'],[],2,0.0,card1,2772
311,ProductCD,['H'],[],2,0.0,card1,2884
312,ProductCD,['W'],[],2,0.0,card1,3515
313,ProductCD,['W'],[],2,0.0,card1,3725
314,ProductCD,['W'],[],2,0.0,card1,4406
315,ProductCD,['W'],[],2,0.0,card1,4791
316,ProductCD,['W'],[],2,0.0,card1,4806
317,ProductCD,['W'],[],2,0.0,card1,5122
318,ProductCD,['W'],[],2,0.0,card1,5700
319,ProductCD,['W'],[],2,0.0,card1,5938
320,ProductCD,['W'],[],2,0.0,card1,6156
321,ProductCD,['W'],[],2,0.0,card1,6292
322,ProductCD,['W'],[],2,0.0,card1,6313
323,ProductCD,['W'],[],2,0.0,card1,6530
324,ProductCD,['R'],[],2,0.0,card1,6741
325,ProductCD,['W'],[],2,0.0,card1,7636
326,ProductCD,['W'],[],2,1.0,card1,7669
327,ProductCD,['W'],[],2,0.0,card1,7797
328,ProductCD,['W'],[],2,0.0,card1,7815
329,ProductCD,['W'],[],2,0.0,card1,7919
330,ProductCD,['W'],[],2,0.0,card1,9002
331,ProductCD,['W'],[],2,0.0,card1,9561
332,ProductCD,['W'],[],2,0.0,card1,10057
333,ProductCD,['W'],[],2,0.0,card1,10476
334,ProductCD,['W'],[],2,0.0,card1,10989
335,ProductCD,['W'],[],2,0.0,card1,11342
336,ProductCD,['W'],[],2,0.0,card1,11359
337,ProductCD,['R' 'W'],[],2,0.0,card1,11516
338,ProductCD,['W'],[],2,0.0,card1,11839
339,ProductCD,['W'],[],2,0.0,card1,11919
340,ProductCD,['W'],[],2,0.0,card1,12065
341,ProductCD,['W'],[],2,0.0,card1,12449
342,ProductCD,['W'],[],2,0.0,card1,12963
343,ProductCD,['W'],[],2,0.0,card1,13143
344,ProductCD,['W'],[],2,0.0,card1,13960
345,ProductCD,['W'],[],2,0.0,card1,13994
346,ProductCD,['W'],[],2,0.0,card1,15066
347,ProductCD,['W'],[],2,0.0,card1,15954
348,ProductCD,['W'],[],2,0.0,card1,16075
349,ProductCD,['W'],[],2,0.0,card1,16442
350,ProductCD,['W'],[],2,0.0,card1,16486
351,ProductCD,['W'],[],2,0.0,card1,16560
352,ProductCD,['W'],[],2,0.0,card1,16972
353,ProductCD,['W'],[],2,0.0,card1,17794
354,ProductCD,['W'],[],2,0.0,card1,17926
355,ProductCD,['W'],[],2,0.0,card1,17933
356,ProductCD,['R'],[],2,0.0,card1,18268
357,C12,1.0,"['card1', 'card1']",2,,C4,12.0
358,card1,[10616 14795 16132 17947],"['ProductCD', 'ProductCD', 'ProductCD', 'ProductCD']",2,,C4,13.0
359,ProductCD,['W'],[],2,0.0,card1,1444
360,ProductCD,['W'],[],2,0.0,card1,1603
361,ProductCD,['W'],[],2,0.0,card1,2114
362,ProductCD,['W'],[],2,0.0,card1,2419
363,ProductCD,['W'],[],2,0.0,card1,2472
364,ProductCD,['W'],[],2,0.0,card1,2689
365,ProductCD,['W'],[],2,0.0,card1,2772
366,ProductCD,['W'],[],2,0.0,card1,2803
367,ProductCD,['H'],[],2,0.0,card1,3178
368,ProductCD,['W'],[],2,0.0,card1,3655
369,ProductCD,['W'],[],2,0.0,card1,4090
370,ProductCD,['W'],[],2,0.0,card1,4663
371,ProductCD,['W'],[],2,0.0,card1,4806
372,ProductCD,['R'],[],2,0.0,card1,5044
373,ProductCD,['W'],[],2,0.0,card1,5131
374,ProductCD,['W'],[],2,0.0,card1,5698
375,ProductCD,['W'],[],2,0.0,card1,5938
376,ProductCD,['H'],[],2,1.0,card1,6957
377,ProductCD,['H' 'W'],[],2,0.0,card1,7005
378,ProductCD,['H' 'W'],[],2,0.0,card1,7322
379,ProductCD,['W'],[],2,0.0,card1,7676
380,ProductCD,['R'],[],2,0.0,card1,7800
381,ProductCD,['W'],[],2,0.0,card1,7919
382,ProductCD,['W'],[],2,0.0,card1,8117
383,ProductCD,['W'],[],2,0.0,card1,8320
384,ProductCD,['W'],[],2,0.0,card1,8378
385,ProductCD,['W'],[],2,0.0,card1,8380
386,ProductCD,['W'],[],2,0.0,card1,8691
387,ProductCD,['W'],[],2,0.0,card1,8880
388,ProductCD,['W'],[],2,0.0,card1,8925
389,ProductCD,['W'],[],2,0.0,card1,9390
390,ProductCD,['H'],[],2,0.0,card1,10023
391,ProductCD,['H'],[],2,0.0,card1,10476
392,ProductCD,['W'],[],2,0.0,card1,10486
393,ProductCD,['W'],[],2,0.0,card1,10616
394,ProductCD,['W'],[],2,0.0,card1,11106
395,ProductCD,['W'],[],2,0.0,card1,11942
396,ProductCD,['W'],[],2,0.0,card1,12005
397,ProductCD,['H'],[],2,0.0,card1,12118
398,ProductCD,['W'],[],2,0.0,card1,12598
399,ProductCD,['W'],[],2,0.0,card1,12647
400,ProductCD,['W'],[],2,0.0,card1,13534
401,ProductCD,['R'],[],2,0.0,card1,15063
402,ProductCD,['H' 'W'],[],2,0.0,card1,15066
403,ProductCD,['R' 'W'],[],2,0.0,card1,15757
404,ProductCD,['H'],[],2,0.0,card1,15884
405,ProductCD,['W'],[],2,0.0,card1,16075
406,ProductCD,['W'],[],2,1.0,card1,16326
407,ProductCD,['W'],[],2,0.0,card1,16860
408,ProductCD,['H' 'W'],[],2,0.0,card1,17188
409,ProductCD,['W'],[],2,0.0,card1,17933
410,ProductCD,['W'],[],2,0.0,card1,17947
411,ProductCD,['W'],[],2,0.0,card1,18018
412,ProductCD,['W'],[],2,0.0,card1,2377
413,ProductCD,['W'],[],2,0.0,card1,2455
414,ProductCD,['W'],[],2,0.0,card1,3474
415,ProductCD,['W'],[],2,1.0,card1,4383
416,ProductCD,['W'],[],2,0.0,card1,6542
417,ProductCD,['W'],[],2,0.0,card1,6564
418,ProductCD,['W'],[],2,0.0,card1,6586
419,ProductCD,['W'],[],2,0.0,card1,6615
420,ProductCD,['W'],[],2,0.0,card1,7919
421,ProductCD,['W'],[],2,0.0,card1,9447
422,ProductCD,['W'],[],2,0.0,card1,9450
423,ProductCD,['W'],[],2,0.0,card1,9500
424,ProductCD,['W'],[],2,0.0,card1,10734
425,ProductCD,['W'],[],2,0.0,card1,11106
426,ProductCD,['W'],[],2,0.0,card1,11207
427,ProductCD,['W'],[],2,0.0,card1,11218
428,ProductCD,['H'],[],2,0.0,card1,11319
429,ProductCD,['W'],[],2,0.0,card1,12395
430,ProductCD,['R'],[],2,0.0,card1,13085
431,ProductCD,['W'],[],2,0.0,card1,14259
432,ProductCD,['W'],[],2,0.0,card1,15066
433,ProductCD,['W'],[],2,0.0,card1,15436
434,ProductCD,['W'],[],2,0.0,card1,15815
435,ProductCD,['W'],[],2,0.0,card1,16070
436,ProductCD,['W'],[],2,0.0,card1,16255
437,ProductCD,['W'],[],2,0.0,card1,17756
438,ProductCD,['W'],[],2,0.0,card1,1310
439,ProductCD,['R'],[],2,0.0,card1,1329
440,ProductCD,['W'],[],2,0.0,card1,1332
441,ProductCD,['W'],[],2,0.0,card1,1342
442,ProductCD,['W'],[],2,0.0,card1,1444
443,ProductCD,['W'],[],2,0.0,card1,1508
444,ProductCD,['W'],[],2,0.0,card1,1675
445,ProductCD,['R'],[],2,1.0,card1,1775
446,ProductCD,['W'],[],2,0.0,card1,1859
447,ProductCD,['H' 'W'],[],2,0.0,card1,1893
448,TransactionDT,5621861.0,"['ProductCD', 'ProductCD']",2,,card1,1906
449,ProductCD,['W'],[],2,0.0,card1,2020
450,ProductCD,['R'],[],2,0.0,card1,2232
451,ProductCD,['W'],[],2,0.0,card1,2261
452,ProductCD,['W'],[],2,0.0,card1,2263
453,ProductCD,['W'],[],2,0.0,card1,2383
454,ProductCD,['H' 'W'],[],2,0.0,card1,2392
455,ProductCD,['W'],[],2,0.0,card1,2455
456,ProductCD,['W'],[],2,0.0,card1,2581
457,ProductCD,['W'],[],2,0.0,card1,2597
458,ProductCD,['W'],[],2,0.0,card1,2616
459,ProductCD,['H' 'W'],[],2,0.0,card1,2803
460,ProductCD,['W'],[],2,0.0,card1,2834
461,ProductCD,['W'],[],2,0.0,card1,2939
462,ProductCD,['W'],[],2,0.0,card1,3056
463,ProductCD,['W'],[],2,0.0,card1,3166
464,ProductCD,['W'],[],2,0.0,card1,3175
465,ProductCD,['H'],[],2,1.0,card1,3260
466,ProductCD,['W'],[],2,0.0,card1,3278
467,ProductCD,['W'],[],2,0.0,card1,3446
468,ProductCD,['W'],[],2,0.0,card1,3508
469,ProductCD,['W'],[],2,0.0,card1,3605
470,ProductCD,['W'],[],2,0.0,card1,3681
471,ProductCD,['W'],[],2,0.0,card1,3682
472,ProductCD,['W'],[],2,0.0,card1,3821
473,ProductCD,['H'],[],2,0.0,card1,3972
474,ProductCD,['W'],[],2,0.0,card1,4067
475,ProductCD,['W'],[],2,0.0,card1,4079
476,ProductCD,['W'],[],2,0.0,card1,4121
477,ProductCD,['W'],[],2,0.0,card1,4148
478,ProductCD,['W'],[],2,0.0,card1,4186
479,ProductCD,['H' 'W'],[],2,0.0,card1,4208
480,ProductCD,['W'],[],2,0.0,card1,4310
481,ProductCD,['W'],[],2,0.0,card1,4383
482,ProductCD,['W'],[],2,0.0,card1,4571
483,ProductCD,['W'],[],2,0.0,card1,4663
484,ProductCD,['W'],[],2,0.0,card1,4685
485,ProductCD,['W'],[],2,0.0,card1,4847
486,ProductCD,['W'],[],2,0.0,card1,5167
487,ProductCD,['W'],[],2,0.0,card1,5170
488,ProductCD,['W'],[],2,0.0,card1,5524
489,ProductCD,['W'],[],2,0.0,card1,5613
490,ProductCD,['W'],[],2,0.0,card1,5629
491,ProductCD,['W'],[],2,0.0,card1,5646
492,ProductCD,['W'],[],2,0.0,card1,5700
493,ProductCD,['W'],[],2,0.0,card1,5734
494,ProductCD,['R'],[],2,0.0,card1,5938
495,ProductCD,['W'],[],2,0.0,card1,5981
496,TransactionAmt,226.0,"['ProductCD', 'C9']",2,,card1,6019
497,ProductCD,['W'],[],2,0.0,card1,6105
498,ProductCD,['W'],[],2,0.0,card1,6204
499,ProductCD,['W'],[],2,0.0,card1,6530
500,ProductCD,['H' 'W'],"['ProductCD', 'ProductCD']",2,,card1,6580
501,ProductCD,['H' 'W'],[],2,0.0,card1,6592
502,ProductCD,['R'],[],2,0.0,card1,6741
503,ProductCD,['W'],[],2,0.0,card1,6755
504,ProductCD,['W'],[],2,0.0,card1,6896
505,ProductCD,['W'],[],2,0.0,card1,7069
506,ProductCD,['W'],[],2,0.0,card1,7121
507,ProductCD,['W'],[],2,0.0,card1,7155
508,ProductCD,['H'],[],2,0.0,card1,7170
509,ProductCD,['W'],[],2,0.0,card1,7207
510,ProductCD,['W'],[],2,0.0,card1,7262
511,ProductCD,['W'],[],2,0.0,card1,7390
512,ProductCD,['R' 'W'],[],2,0.0,card1,7482
513,TransactionDT,1717876.0,"['ProductCD', 'ProductCD']",2,,card1,7585
514,ProductCD,['W'],[],2,0.0,card1,7664
515,ProductCD,['W'],[],2,0.0,card1,7676
516,ProductCD,['R'],[],2,0.0,card1,7800
517,TransactionAmt,97.94,"['ProductCD', 'TransactionAmt']",2,,card1,7826
518,ProductCD,['W'],[],2,0.0,card1,7861
519,ProductCD,['W'],[],2,0.0,card1,7919
520,ProductCD,['W'],[],2,0.0,card1,7996
521,ProductCD,['R'],[],2,0.0,card1,8104
522,ProductCD,['W'],[],2,0.0,card1,8135
523,ProductCD,['W'],[],2,0.0,card1,8315
524,ProductCD,['W'],[],2,0.0,card1,8394
525,ProductCD,['W'],[],2,0.0,card1,8406
526,ProductCD,['W'],[],2,0.0,card1,8431
527,ProductCD,['W'],[],2,0.0,card1,8695
528,ProductCD,['W'],[],2,0.0,card1,8992
529,ProductCD,['H'],[],2,0.0,card1,9043
530,ProductCD,['W'],[],2,0.0,card1,9112
531,ProductCD,['W'],[],2,0.0,card1,9166
532,ProductCD,['W'],[],2,0.0,card1,9178
533,ProductCD,['W'],[],2,0.0,card1,9354
534,ProductCD,['W'],[],2,0.0,card1,9456
535,ProductCD,['W'],[],2,1.0,card1,9499
536,ProductCD,['W'],[],2,0.0,card1,9500
537,ProductCD,['W'],[],2,0.0,card1,9537
538,ProductCD,['H' 'W'],[],2,0.0,card1,9803
539,ProductCD,['H'],[],2,0.0,card1,9820
540,ProductCD,['W'],[],2,0.0,card1,9992
541,ProductCD,['H' 'W'],[],2,0.0,card1,10023
542,ProductCD,['H'],[],2,0.0,card1,10045
543,ProductCD,['W'],[],2,0.0,card1,10112
544,ProductCD,['H' 'W'],[],2,0.0,card1,10186
545,ProductCD,['W'],[],2,0.0,card1,10245
546,ProductCD,['R'],[],2,0.0,card1,10446
547,ProductCD,['W'],[],2,0.0,card1,10486
548,ProductCD,['W'],[],2,0.0,card1,10594
549,ProductCD,['H' 'W'],"['ProductCD', 'ProductCD']",2,,card1,10616
550,ProductCD,['W'],[],2,0.0,card1,10856
551,ProductCD,['W'],[],2,0.0,card1,10925
552,ProductCD,['W'],[],2,0.0,card1,10989
553,ProductCD,['W'],[],2,0.0,card1,11027
554,ProductCD,['W'],[],2,0.0,card1,11106
555,ProductCD,['W'],[],2,0.0,card1,11107
556,ProductCD,['W'],[],2,0.0,card1,11207
557,ProductCD,['W'],[],2,0.0,card1,11211
558,ProductCD,['W'],[],2,1.0,card1,11233
559,ProductCD,['W'],[],2,0.0,card1,11280
560,ProductCD,['W'],[],2,0.0,card1,11465
561,ProductCD,['W'],[],2,0.0,card1,11815
562,ProductCD,['H'],[],2,0.0,card1,11862
563,ProductCD,['W'],[],2,0.0,card1,11920
564,ProductCD,['W'],[],2,0.0,card1,11972
565,ProductCD,['W'],[],2,0.0,card1,12295
566,ProductCD,['W'],[],2,0.0,card1,12345
567,ProductCD,['W'],[],2,0.0,card1,12364
568,ProductCD,['W'],[],2,0.0,card1,12544
569,ProductCD,['W'],[],2,0.0,card1,12567
570,TransactionDT,8643612.0,"['ProductCD', 'ProductCD']",2,,card1,12577
571,ProductCD,['W'],[],2,0.0,card1,12590
572,ProductCD,['W'],[],2,0.0,card1,12615
573,ProductCD,['W'],[],2,0.0,card1,12668
574,TransactionAmt,34.5,"['TransactionAmt', 'ProductCD']",2,,card1,12695
575,ProductCD,['W'],[],2,0.0,card1,12747
576,ProductCD,['H' 'W'],[],2,0.0,card1,12932
577,ProductCD,['W'],[],2,0.0,card1,13006
578,ProductCD,['W'],[],2,0.0,card1,13052
579,ProductCD,['W'],[],2,0.0,card1,13178
580,ProductCD,['W'],[],2,0.0,card1,13307
581,ProductCD,['W'],[],2,0.0,card1,13461
582,ProductCD,['W'],[],2,0.0,card1,13481
583,ProductCD,['W'],[],2,0.0,card1,13809
584,ProductCD,['W'],[],2,0.0,card1,13833
585,ProductCD,['H' 'W'],[],2,0.0,card1,13906
586,ProductCD,['W'],[],2,0.0,card1,14037
587,ProductCD,['W'],[],2,0.0,card1,14079
588,ProductCD,['W'],[],2,0.0,card1,14415
589,ProductCD,['W'],[],2,0.0,card1,14574
590,ProductCD,['W'],[],2,0.0,card1,14685
591,ProductCD,['H'],[],2,1.0,card1,14814
592,ProductCD,['H' 'W'],[],2,0.0,card1,14858
593,ProductCD,['H' 'R' 'S' 'W'],[],2,0.0,card1,15066
594,ProductCD,['W'],[],2,0.0,card1,15205
595,ProductCD,['W'],[],2,0.0,card1,15265
596,ProductCD,['H' 'R'],"['ProductCD', 'ProductCD']",2,,card1,15359
597,ProductCD,['R' 'W'],[],2,0.0,card1,15511
598,ProductCD,['H'],[],2,0.0,card1,15563
599,ProductCD,['W'],[],2,0.0,card1,15773
600,ProductCD,['W'],[],2,0.0,card1,15775
601,ProductCD,['W'],[],2,0.0,card1,15986
602,ProductCD,['W'],[],2,0.0,card1,16066
603,ProductCD,['H'],[],2,1.0,card1,16070
604,ProductCD,['R' 'W'],[],2,0.0,card1,16075
605,ProductCD,['W'],[],2,0.0,card1,16131
606,ProductCD,['W'],[],2,0.0,card1,16163
607,ProductCD,['W'],[],2,0.0,card1,16188
608,ProductCD,['W'],[],2,0.0,card1,16189
609,ProductCD,['W'],[],2,0.0,card1,16255
610,ProductCD,['W'],[],2,0.0,card1,16437
611,ProductCD,['W'],[],2,0.0,card1,16560
612,ProductCD,['W'],[],2,0.0,card1,16659
613,ProductCD,['W'],[],2,0.0,card1,16959
614,ProductCD,['W'],[],2,0.0,card1,17055
615,ProductCD,['R'],[],2,0.0,card1,17216
616,ProductCD,['W'],[],2,0.0,card1,17598
617,ProductCD,['W'],[],2,0.0,card1,17635
618,ProductCD,['W'],[],2,0.0,card1,17729
619,ProductCD,['W'],[],2,0.0,card1,17785
620,ProductCD,['W'],[],2,0.0,card1,18072
621,ProductCD,['W'],[],2,0.0,card1,18103
622,ProductCD,['H'],[],2,0.0,card1,18202
623,ProductCD,['W'],[],2,0.0,card1,18211
624,ProductCD,['H' 'R'],[],2,0.0,card1,18227
625,ProductCD,['W'],[],2,0.0,card1,18292
626,ProductCD,['S'],[],2,0.0,card1,18298
627,ProductCD,['H'],[],2,0.0,card1,18306
628,ProductCD,['W'],[],2,0.0,card1,1637
629,ProductCD,['W'],[],2,0.0,card1,1804
630,ProductCD,['W'],[],2,0.0,card1,1807
631,ProductCD,['W'],[],2,0.0,card1,1906
632,ProductCD,['W'],[],2,0.0,card1,2114
633,ProductCD,['W'],[],2,0.0,card1,2162
634,ProductCD,['W'],[],2,0.0,card1,2392
635,ProductCD,['W'],[],2,0.0,card1,2559
636,ProductCD,['W'],[],2,0.0,card1,2569
637,ProductCD,['W'],[],2,0.0,card1,2616
638,ProductCD,['R'],[],2,0.0,card1,2755
639,ProductCD,['W'],[],2,0.0,card1,2884
640,ProductCD,['H'],[],2,0.0,card1,3278
641,ProductCD,['R'],[],2,0.0,card1,3593
642,ProductCD,['H'],[],2,0.0,card1,3682
643,ProductCD,['W'],[],2,0.0,card1,4806
644,ProductCD,['W'],[],2,0.0,card1,5072
645,ProductCD,['W'],[],2,0.0,card1,5613
646,ProductCD,['W'],[],2,0.0,card1,5700
647,ProductCD,['W'],[],2,0.0,card1,5903
648,ProductCD,['H' 'W'],[],2,0.0,card1,6170
649,ProductCD,['H'],[],2,0.0,card1,6174
650,ProductCD,['W'],[],2,0.0,card1,6530
651,ProductCD,['W'],[],2,0.0,card1,6741
652,ProductCD,['R'],[],2,0.0,card1,7438
653,ProductCD,['W'],[],2,0.0,card1,7573
654,ProductCD,['W'],[],2,0.0,card1,7636
655,ProductCD,['W'],[],2,0.0,card1,7653
656,ProductCD,['W'],[],2,0.0,card1,7815
657,ProductCD,['W'],[],2,0.0,card1,7851
658,ProductCD,['W'],[],2,0.0,card1,7919
659,ProductCD,['W'],[],2,0.0,card1,7984
660,ProductCD,['H'],[],2,0.0,card1,8501
661,ProductCD,['R'],[],2,0.0,card1,9002
662,ProductCD,['W'],[],2,0.0,card1,9400
663,ProductCD,['R'],[],2,0.0,card1,9433
664,ProductCD,['W'],[],2,0.0,card1,9500
665,ProductCD,['W'],[],2,0.0,card1,9785
666,ProductCD,['W'],[],2,0.0,card1,9808
667,ProductCD,['W'],[],2,0.0,card1,9992
668,ProductCD,['W'],[],2,0.0,card1,10057
669,ProductCD,['W'],[],2,0.0,card1,10447
670,ProductCD,['R' 'W'],[],2,0.0,card1,10616
671,ProductCD,['W'],[],2,0.0,card1,10882
672,ProductCD,['R'],[],2,0.0,card1,11151
673,ProductCD,['W'],[],2,0.0,card1,11291
674,ProductCD,['H'],[],2,0.0,card1,11516
675,ProductCD,['W'],[],2,0.0,card1,11546
676,ProductCD,['R'],[],2,0.0,card1,11999
677,ProductCD,['W'],[],2,0.0,card1,12253
678,ProductCD,['W'],[],2,0.0,card1,12293
679,ProductCD,['W'],[],2,0.0,card1,13143
680,ProductCD,['R'],[],2,0.0,card1,13815
681,ProductCD,['W'],[],2,0.0,card1,13836
682,ProductCD,['W'],[],2,0.0,card1,14042
683,ProductCD,['W'],[],2,0.0,card1,14080
684,ProductCD,['W'],[],2,0.0,card1,14289
685,ProductCD,['R' 'W'],[],2,0.0,card1,14397
686,ProductCD,['W'],[],2,0.0,card1,14479
687,ProductCD,['H' 'W'],[],2,0.0,card1,15066
688,ProductCD,['W'],[],2,0.0,card1,15137
689,ProductCD,['W'],[],2,0.0,card1,15396
690,ProductCD,['W'],[],2,0.0,card1,16255
691,ProductCD,['R'],[],2,0.0,card1,16452
692,ProductCD,['W'],[],2,0.0,card1,16533
693,ProductCD,['W'],[],2,0.0,card1,16560
694,ProductCD,['R'],[],2,0.0,card1,16659
695,ProductCD,['H' 'R' 'W'],[],2,0.0,card1,16661
696,ProductCD,['W'],[],2,0.0,card1,16972
697,ProductCD,['H'],[],2,0.0,card1,17186
698,ProductCD,['W'],[],2,0.0,card1,17188
699,ProductCD,['W'],[],2,0.0,card1,17534
700,ProductCD,['W'],[],2,0.0,card1,17910
701,ProductCD,['H'],[],2,0.0,card1,17947
702,ProductCD,['R'],[],2,0.0,card1,18089
703,ProductCD,['W'],[],2,0.0,card1,18227
704,ProductCD,['H'],[],2,0.0,card1,18268
705,ProductCD,['W'],[],2,1.0,card1,18335
706,ProductCD,['W'],[],2,0.0,card1,18343
707,ProductCD,['R'],[],2,1.0,card1,18375
708,ProductCD,['W'],[],2,0.0,card1,18395
709,card1,[ 2242  6019  6174  7826  8528 16659],[],2,0.0,ProductCD,H
710,ProductCD,['R'],[],2,0.0,ProductCD,R
711,ProductCD,['W'],[],2,0.0,ProductCD,W
712,ProductCD,['C'],[],2,1.0,card1,5812
713,ProductCD,['C'],[],2,0.0,card1,9300
714,ProductCD,['H'],[],2,0.0,ProductCD,H
715,ProductCD,['R'],[],2,1.0,ProductCD,R
716,ProductCD,['W'],[],2,0.0,ProductCD,W
717,ProductCD,['S'],[],2,0.0,card1,1333
718,ProductCD,['W'],[],2,0.0,card1,1675
719,ProductCD,['W'],[],2,0.0,card1,1839
720,ProductCD,['W'],[],2,0.0,card1,1939
721,ProductCD,['S'],[],2,0.0,card1,2274
722,ProductCD,['W'],[],2,0.0,card1,2392
723,ProductCD,['R' 'W'],[],2,0.0,card1,2455
724,ProductCD,['R' 'W'],[],2,0.0,card1,2616
725,ProductCD,['W'],[],2,0.0,card1,2620
726,ProductCD,['H' 'W'],[],2,0.0,card1,2803
727,ProductCD,['S'],[],2,0.0,card1,2876
728,ProductCD,['W'],[],2,0.0,card1,2965
729,ProductCD,['R'],[],2,0.0,card1,2979
730,ProductCD,['W'],[],2,0.0,card1,3278
731,ProductCD,['W'],[],2,0.0,card1,3334
732,ProductCD,['H'],[],2,0.0,card1,3682
733,ProductCD,['W'],[],2,0.0,card1,3786
734,ProductCD,['W'],[],2,0.0,card1,3801
735,ProductCD,['H'],[],2,0.0,card1,3821
736,ProductCD,['W'],[],2,0.0,card1,4053
737,ProductCD,['W'],[],2,0.0,card1,4074
738,ProductCD,['R'],[],2,0.0,card1,4194
739,ProductCD,['H' 'W'],[],2,0.0,card1,4436
740,ProductCD,['W'],[],2,0.0,card1,4490
741,ProductCD,['W'],[],2,0.0,card1,4527
742,ProductCD,['S'],[],2,0.0,card1,4966
743,ProductCD,['W'],[],2,0.0,card1,4967
744,ProductCD,['W'],[],2,0.0,card1,4975
745,ProductCD,['W'],[],2,0.0,card1,5033
746,ProductCD,['W'],[],2,0.0,card1,5211
747,ProductCD,['W'],[],2,0.0,card1,5312
748,ProductCD,['R'],[],2,0.0,card1,5409
749,ProductCD,['W'],[],2,0.0,card1,5492
750,ProductCD,['W'],[],2,0.0,card1,5700
751,ProductCD,['W'],[],2,0.0,card1,6019
752,ProductCD,['W'],[],2,0.0,card1,6207
753,ProductCD,['H'],[],2,0.0,card1,6335
754,ProductCD,['W'],[],2,0.0,card1,6457
755,ProductCD,['W'],[],2,0.0,card1,6489
756,ProductCD,['S'],[],2,0.0,card1,6573
757,ProductCD,['W'],[],2,0.0,card1,6609
758,ProductCD,['W'],[],2,0.0,card1,6816
759,ProductCD,['W'],[],2,0.0,card1,6872
760,ProductCD,['W'],[],2,0.0,card1,6951
761,ProductCD,['R'],[],2,1.0,card1,7155
762,ProductCD,['W'],[],2,0.0,card1,7497
763,ProductCD,['S'],[],2,0.0,card1,7578
764,ProductCD,['R' 'W'],[],2,0.0,card1,7585
765,ProductCD,['W'],[],2,0.0,card1,7680
766,ProductCD,['W'],[],2,0.0,card1,7710
767,ProductCD,['W'],[],2,0.0,card1,7815
768,ProductCD,['W'],[],2,0.0,card1,7861
769,ProductCD,['W'],[],2,0.0,card1,7911
770,ProductCD,['W'],[],2,0.0,card1,7919
771,ProductCD,['R'],[],2,0.0,card1,8504
772,ProductCD,['R' 'S'],[],2,0.0,card1,8598
773,ProductCD,['W'],[],2,0.0,card1,8606
774,ProductCD,['W'],[],2,0.0,card1,8695
775,ProductCD,['S'],[],2,0.0,card1,8830
776,ProductCD,['W'],[],2,0.0,card1,8868
777,ProductCD,['W'],[],2,0.0,card1,8953
778,ProductCD,['S' 'W'],[],2,0.0,card1,9112
779,ProductCD,['W'],[],2,0.0,card1,9480
780,ProductCD,['W'],[],2,0.0,card1,9500
781,ProductCD,['S' 'W'],[],2,0.0,card1,9559
782,ProductCD,['W'],[],2,0.0,card1,10023
783,ProductCD,['R'],[],2,0.0,card1,10024
784,ProductCD,['W'],[],2,0.0,card1,10057
785,ProductCD,['W'],[],2,0.0,card1,10112
786,ProductCD,['W'],[],2,0.0,card1,10188
787,ProductCD,['S'],[],2,0.0,card1,10486
788,ProductCD,['S'],[],2,1.0,card1,10748
789,ProductCD,['W'],[],2,0.0,card1,10836
790,ProductCD,['W'],[],2,0.0,card1,10889
791,ProductCD,['W'],[],2,0.0,card1,10960
792,ProductCD,['W'],[],2,0.0,card1,10989
793,ProductCD,['W'],[],2,0.0,card1,11207
794,ProductCD,['W'],[],2,0.0,card1,11290
795,ProductCD,['R'],[],2,0.0,card1,11725
796,ProductCD,['H'],[],2,0.0,card1,12133
797,ProductCD,['W'],[],2,0.0,card1,12235
798,ProductCD,['W'],[],2,0.0,card1,12469
799,ProductCD,['W'],[],2,0.0,card1,12501
800,TransactionAmt,201.0,"['ProductCD', 'TransactionDT']",2,,card1,12544
801,ProductCD,['W'],[],2,0.0,card1,12557
802,ProductCD,['W'],[],2,0.0,card1,12577
803,ProductCD,['R'],[],2,0.0,card1,12668
804,ProductCD,['W'],[],2,0.0,card1,12805
805,ProductCD,['W'],[],2,0.0,card1,13307
806,ProductCD,['S'],[],2,0.0,card1,13503
807,ProductCD,['W'],[],2,0.0,card1,13780
808,ProductCD,['S'],[],2,0.0,card1,13844
809,ProductCD,['W'],[],2,0.0,card1,14065
810,ProductCD,['W'],[],2,0.0,card1,14431
811,TransactionDT,5412364.0,"['ProductCD', 'ProductCD']",2,,card1,14649
812,ProductCD,['W'],[],2,0.0,card1,14848
813,ProductCD,['W'],[],2,0.0,card1,14849
814,ProductCD,['W'],[],2,0.0,card1,14909
815,ProductCD,['S'],[],2,0.0,card1,14960
816,ProductCD,['W'],[],2,0.0,card1,15016
817,ProductCD,['W'],[],2,0.0,card1,15021
818,ProductCD,['H' 'S'],[],2,0.0,card1,15063
819,ProductCD,['W'],[],2,0.0,card1,15066
820,ProductCD,['W'],[],2,0.0,card1,15385
821,ProductCD,['W'],[],2,0.0,card1,15813
822,ProductCD,['W'],[],2,0.0,card1,15986
823,ProductCD,['W'],[],2,0.0,card1,15998
824,ProductCD,['W'],[],2,0.0,card1,16070
825,ProductCD,['H' 'W'],[],2,0.0,card1,16326
826,ProductCD,['R' 'W'],[],2,0.0,card1,16659
827,ProductCD,['W'],[],2,0.0,card1,16706
828,ProductCD,['W'],[],2,0.0,card1,16883
829,ProductCD,['W'],[],2,0.0,card1,16923
830,ProductCD,['W'],[],2,0.0,card1,17009
831,ProductCD,['S'],[],2,0.0,card1,17238
832,ProductCD,['W'],[],2,0.0,card1,17487
833,ProductCD,['W'],[],2,0.0,card1,17523
834,ProductCD,['W'],[],2,0.0,card1,17832
835,ProductCD,['W'],[],2,0.0,card1,18013
836,ProductCD,['S' 'W'],[],2,0.0,card1,18132
837,ProductCD,['W'],[],2,0.0,card1,18249
838,ProductCD,['R'],[],2,0.0,card1,18268
839,ProductCD,['W'],[],2,0.0,card1,4090
840,ProductCD,['R'],[],2,0.0,card1,4198
841,ProductCD,['W'],[],2,0.0,card1,5964
842,ProductCD,['R'],[],2,0.0,card1,6021
843,ProductCD,['H'],[],2,0.0,card1,6335
844,ProductCD,['W'],[],2,0.0,card1,6530
845,ProductCD,['W'],[],2,0.0,card1,7919
846,ProductCD,['W'],[],2,0.0,card1,8803
847,ProductCD,['W'],[],2,0.0,card1,10313
848,ProductCD,['W'],[],2,0.0,card1,12577
849,ProductCD,['W'],[],2,0.0,card1,12839
850,ProductCD,['W'],[],2,0.0,card1,13360
851,ProductCD,['W'],[],2,0.0,card1,13749
852,ProductCD,['R'],[],2,0.0,card1,14209
853,ProductCD,['H'],[],2,0.0,card1,15063
854,ProductCD,['R' 'W'],[],2,0.0,card1,15066
855,ProductCD,['R'],[],2,0.0,card1,15135
856,ProductCD,['W'],[],2,0.0,card1,16255
857,ProductCD,['W'],[],2,1.0,card1,16568
858,ProductCD,['W'],[],2,0.0,card1,17175
859,ProductCD,['W'],[],2,0.0,card1,17540
860,card1,"[ 1381  1555  1736  2377  2598  2741  2803  2884  3040  3673  3821  4121
  4207  4663  4702  5061  5081  5341  5505  6180  6457  6659  6892  7166
  7322  7638  7903  7919  7969  8320  8349  8406  8431  9002  9043  9303
  9803  9992 10023 10486 10908 11106 11207 11653 11919 12225 12544 12577
 12581 12932 13315 13906 14037 14079 14216 14496 14610 14643 14649 14856
 15262 15397 16075 16255 16314 16315 16326 16659 16883 17523 17729 18132
 18195 18221 18227 18268]",[],2,0.0,TransactionAmt,774.0
861,ProductCD,['W'],[],2,1.0,TransactionAmt,775.0
862,ProductCD,['H'],[],2,1.0,C13,0.0
863,ProductCD,['H' 'R' 'S' 'W'],[],2,0.0,C13,1.0
864,ProductCD,['W'],[],3,0.0,card1,7322
865,ProductCD,['W'],[],3,1.0,card1,17188
866,ProductCD,['W'],[],3,0.0,C1,7.0
867,ProductCD,['W'],[],3,1.0,C1,8.0
868,TransactionAmt,150.0,"['ProductCD', 'ProductCD']",3,,card1,2616
869,ProductCD,['W'],[],3,1.0,card1,2939
870,ProductCD,['H' 'R'],[],3,0.0,card1,4039
871,ProductCD,['W'],[],3,0.0,card1,4141
872,ProductCD,['S'],[],3,0.0,card1,9552
873,ProductCD,['W'],[],3,0.0,card1,15066
874,ProductCD,['H' 'W'],[],3,0.0,card1,16075
875,ProductCD,['W'],[],3,0.0,card1,16334
876,ProductCD,['W'],[],3,0.0,card1,16691
877,ProductCD,['H'],[],3,1.0,ProductCD,H
878,ProductCD,['R'],[],3,0.0,ProductCD,R
879,ProductCD,['W'],[],3,0.0,ProductCD,W
880,ProductCD,['W'],[],3,1.0,TransactionAmt,37.0
881,ProductCD,['W'],[],3,0.0,TransactionAmt,38.0
882,card1,"[ 1137  1257  1281  1359  1406  1444  1556  1607  1724  1893  2022  2392
  2455  2614  2616  2683  2704  2744  2772  2803  2838  2884  2960  3033
  3178  3347  3502  3682  4090  4141  4153  4272  4394  4472  4530  4663
  4679  4812  4861  4982  5002  5043  5123  5220  5409  5464  5626  5629
  5700  5938  5969  6019  6051  6156  6159  6236  6344  6354  6470  6530
  6590  6630  6697  6741  6782  6832  7322  7336  7339  7468  7508  7585
  7592  7664  7676  7709  7861  7868  7919  7921  7970  7998  8140  8320
  8359  8406  8466  8501  8727  8868  8886  8898  9043  9168  9306  9350
  9479  9480  9500  9588  9653  9749  9803  9817  9891  9959 10052 10063
 10112 10267 10333 10373 10486 10493 10547 10616 10640 10652 10682 10825
 10925 10989 11106 11160 11162 11204 11312 11319 11473 11630 11641 11653
 11728 11738 11815 11967 11972 12214 12261 12322 12544 12577 12598 12668
 12839 12873 13065 13076 13095 13124 13145 13307 13313 13526 13831 13844
 13899 13917 13964 13982 14079 14182 14479 14641 14795 14819 14848 14895
 14902 15010 15063 15066 15128 15186 15271 15396 15484 15497 15757 15986
 16075 16079 16088 16132 16249 16255 16560 16659 16727 16752 16849 16858
 16889 16963 17188 17336 17374 17419 17480 17912 17933 17947 18148 18180
 18227 18249 18268 18340 18350 18366]",[],3,0.0,C12,1.0
883,card1,[12473 15066],"['ProductCD', 'ProductCD']",3,,C12,2.0
884,ProductCD,['R'],[],3,0.0,card1,10616
885,ProductCD,['R'],[],3,1.0,card1,14795
886,ProductCD,['R'],[],3,1.0,card1,16132
887,ProductCD,['R'],[],3,0.0,card1,17947
888,ProductCD,['W'],[],3,0.0,TransactionDT,5621861.0
889,ProductCD,['W'],[],3,1.0,TransactionDT,5621862.0
890,ProductCD,['H' 'R' 'W'],[],3,0.0,TransactionAmt,226.0
891,C9,0.0,"['ProductCD', 'ProductCD']",3,,TransactionAmt,227.0
892,ProductCD,['H'],[],3,1.0,ProductCD,H
893,ProductCD,['W'],[],3,0.0,ProductCD,W
894,ProductCD,['W'],[],3,1.0,TransactionDT,1717876.0
895,ProductCD,['H' 'W'],[],3,0.0,TransactionDT,1717877.0
896,ProductCD,['R' 'W'],[],3,0.0,TransactionAmt,97.94
897,TransactionAmt,133.0,"['ProductCD', 'ProductCD']",3,,TransactionAmt,98.94000244140625
898,ProductCD,['H'],[],3,1.0,ProductCD,H
899,ProductCD,['W'],[],3,0.0,ProductCD,W
900,ProductCD,['W'],[],3,0.0,TransactionDT,8643612.0
901,ProductCD,['W'],[],3,1.0,TransactionDT,8643613.0
902,TransactionAmt,34.0,"['ProductCD', 'ProductCD']",3,,TransactionAmt,34.5
903,ProductCD,['H' 'R' 'W'],[],3,0.0,TransactionAmt,35.5
904,ProductCD,['H'],[],3,1.0,ProductCD,H
905,ProductCD,['R'],[],3,0.0,ProductCD,R
906,ProductCD,['W'],[],3,0.0,TransactionAmt,201.0
907,TransactionDT,4916321.0,"['ProductCD', 'ProductCD']",3,,TransactionAmt,202.0
908,ProductCD,['R' 'W'],[],3,1.0,TransactionDT,5412364.0
909,ProductCD,['W'],[],3,0.0,TransactionDT,5412365.0
910,ProductCD,['R' 'W'],[],4,0.0,TransactionAmt,150.0
911,ProductCD,['W'],[],4,1.0,TransactionAmt,151.0
912,ProductCD,['W'],[],4,1.0,card1,12473
913,ProductCD,['W'],[],4,0.0,card1,15066
914,ProductCD,['W'],[],4,0.0,C9,0.0
915,ProductCD,['W'],[],4,1.0,C9,1.0
916,ProductCD,['W'],[],4,1.0,TransactionAmt,133.0
917,ProductCD,['H' 'W'],[],4,0.0,TransactionAmt,134.0
918,ProductCD,['H' 'W'],[],4,0.0,TransactionAmt,34.0
919,ProductCD,['W'],[],4,1.0,TransactionAmt,35.0
920,ProductCD,['W'],[],4,1.0,TransactionDT,4916321.0
921,ProductCD,['W'],[],4,0.0,TransactionDT,4916322.0
